id;type;autre_besoin;designation;etat_actuel;intervention_souhaitee;justification
1;FORMATION;payment Dollar withdrawal;../fake-data/blob/hipster.txt;Money neural;../fake-data/blob/hipster.txt;../fake-data/blob/hipster.txt
2;PERSONNEL_ADMINISTRATIF;Decentralized Saint-Bernard back-end;../fake-data/blob/hipster.txt;e-business;../fake-data/blob/hipster.txt;../fake-data/blob/hipster.txt
3;PERSONNEL_APPOINT;Buckinghamshire;../fake-data/blob/hipster.txt;orchestrate;../fake-data/blob/hipster.txt;../fake-data/blob/hipster.txt
4;FORMATION;Cheese a Versatile;../fake-data/blob/hipster.txt;Towels;../fake-data/blob/hipster.txt;../fake-data/blob/hipster.txt
5;EQUIPEMENT;deposit invoice Money;../fake-data/blob/hipster.txt;virtual a Berkshire;../fake-data/blob/hipster.txt;../fake-data/blob/hipster.txt
6;EQUIPEMENT;d'Orsel;../fake-data/blob/hipster.txt;AI Account Iceland;../fake-data/blob/hipster.txt;../fake-data/blob/hipster.txt
7;INFRASTRUCTURES;utilize Poitou-Charentes Zimbabwe;../fake-data/blob/hipster.txt;Hat grow;../fake-data/blob/hipster.txt;../fake-data/blob/hipster.txt
8;AUTRES;Sausages;../fake-data/blob/hipster.txt;violet;../fake-data/blob/hipster.txt;../fake-data/blob/hipster.txt
9;FORMATION;whiteboard encompassing HTTP;../fake-data/blob/hipster.txt;deliverables;../fake-data/blob/hipster.txt;../fake-data/blob/hipster.txt
10;AUTRES;withdrawal whiteboard;../fake-data/blob/hipster.txt;motivating Aruban c;../fake-data/blob/hipster.txt;../fake-data/blob/hipster.txt
