id;matricule;nom;prenom;situation_matrimoniale;fonction;autre_fonction;telephone;mail
1;connecting Bedfordshire c;white Aquitaine Centre;Robust;MARIE;BIBLIOTHECAIRE;whiteboard;+33 759578010;redefine
2;compressing synthesizing Card;Pays-Bas;salmon deposit;AUTRES;SURVEIILLANT;a;+33 457974577;Du Cambridgeshire
3;system;lime Small Cheese;e-services;CELIBATAIRE;COMPTABLE_DESMATIERES;intuitive Integrated logistical;+33 782493377;Sri real-time
4;Account Danish Towels;Beauty;Franc redefine;MARIEE;CHEF_DESTRAVAUX;compress Multi-channelled reinvent;+33 187101765;SMTP Oberkampf b
5;Haute-Normandie Solf√©rino;Developpeur;Hat;AUTRES;BIBLIOTHECAIRE;parse;0762489144;b dedicated
6;a;exuding c Licensed;multi-byte b;MARIE;BIBLIOTHECAIRE;architect Money;0793535087;Handcrafted
7;holistic Bonaparte Chicken;Market;Practical Malte Executif;AUTRES;SURVEIILLANT;de black;0524907686;withdrawal Cotton
8;grow;Euro;Intelligent;VEUVE;PROVISEUR;invoice;0686638658;Account challenge
9;a RAM;de;synthesize;MARIE;CHEF_DESTRAVAUX;Cedi Dinar;+33 275824456;Victoire
10;XML;leverage;digital Fuerte strategy;VEUVE;INFIRMIER;XML;+33 110900695;cross-platform Salomon Checking
