id;nom;prenom;situation_matrimoniale;fonction;autre_foction;telephone;mail
1;Administrateur Awesome;Decentralized Mandatory Basse-Normandie;MARIEE;GARDIEN;Multi-tiered Refined;+33 461522814;Borders Refined
2;Frozen input AI;Chips;CELIBATAIRE;GARDIEN;b deposit;+33 162733270;Specialiste
3;c;Home enable plug-and-play;VEUVE;TECHNICIENSURFACE;azure input Gorgeous;0781580773;systemic bandwidth Rustic
4;HDD c;indexing;CELIBATAIRE;TECHNICIENSURFACE;capacitor;0474635556;Ergonomic Ingenieur Corse
5;virtual du;programming Lebanese interface;MARIEE;GARDIEN;edge communities Handcrafted;0602447869;de
6;EXE;Centre Convertible;MARIE;GARDIEN;Midi-Pyrénées;+33 393983910;Networked
7;HDD;Progressive Card;CELIBATAIRE;TECHNICIENSURFACE;bypassing Fresh;+33 208662337;Analyste navigating Savings
8;Fish Intelligent;Salad Cross-group multi-byte;CELIBATAIRE;TECHNICIENSURFACE;Clothing;0164136768;Baby Table
9;generating;Concrete Avon extend;CELIBATAIRE;LABORANTIN;b clear-thinking Nicaragua;+33 751661981;utilize blue
10;Directeur paradigms Home;matrix;CELIBATAIRE;AUTRE;violet;+33 622960841;dedicated
